gender,p1,p1_dob,p1_name,p2,p2_dob,p2_name,played_at,score,winner
Mens,c56b15bd751ffee823e52bbcb5bdb799,2002-01-01,Chris Nolan,5c86477bfabc964bebbb71bbe3d9b664,2002-01-01,Marcus Reed,2026-07-21T00:08:16.211646+00:00,"6-2, 6-1",c56b15bd751ffee823e52bbcb5bdb799
Mens,0a4904585b0832c4fa610f6ccb82e8e5,2002-01-01,Ravi Shah,0dd69b064a6f20cf2f93fd42f11e77d4,2002-01-01,Owen Pike,2026-07-23T00:08:16.211646+00:00,"6-3, 6-4",0a4904585b0832c4fa610f6ccb82e8e5
Mens,5c86477bfabc964bebbb71bbe3d9b664,2002-01-01,Marcus Reed,9ac04972af3466d0f310d2bd9bce24b0,2002-01-01,Theo Vance,2026-07-26T00:08:16.211646+00:00,"7-6, 6-4",5c86477bfabc964bebbb71bbe3d9b664
Mens,0dd69b064a6f20cf2f93fd42f11e77d4,2002-01-01,Owen Pike,60059d952ddb76879e4e260820d77578,2002-01-01,Noah Brandt,2026-07-27T00:08:16.211646+00:00,"7-6, 7-6",0dd69b064a6f20cf2f93fd42f11e77d4
Mens,7f3f041da8f46d43ce8eed8f9f779424,2002-01-01,Sam Ellis,60059d952ddb76879e4e260820d77578,2002-01-01,Noah Brandt,2026-07-28T00:08:16.211646+00:00,"6-0, 6-2",7f3f041da8f46d43ce8eed8f9f779424
Mens,00c5d34e7d5011968cfc60c8b3bc421d,2002-01-01,Danny Cole,aa525f24fd805d409a4f07db8c7ac4d2,2002-01-01,Luca Moretti,2026-07-30T00:08:16.211646+00:00,"6-1, 6-2",00c5d34e7d5011968cfc60c8b3bc421d
Mens,9ac04972af3466d0f310d2bd9bce24b0,2002-01-01,Theo Vance,0dd69b064a6f20cf2f93fd42f11e77d4,2002-01-01,Owen Pike,2026-07-31T00:08:16.211646+00:00,"6-2, 6-7, 10-5",9ac04972af3466d0f310d2bd9bce24b0
Mens,60059d952ddb76879e4e260820d77578,2002-01-01,Noah Brandt,ae1cd483b75e57db9fcd9fa15966850e,2002-01-01,Alex Doyle,2026-08-01T00:08:16.211646+00:00,"6-4, 6-2",60059d952ddb76879e4e260820d77578
Mens,5c86477bfabc964bebbb71bbe3d9b664,2002-01-01,Marcus Reed,7f3f041da8f46d43ce8eed8f9f779424,2002-01-01,Sam Ellis,2026-08-02T00:08:16.211646+00:00,"6-2, 7-5",5c86477bfabc964bebbb71bbe3d9b664
Mens,7ad9afe316d8ce93bce2e7b5975e1468,2002-01-01,Jonah Frye,9ac04972af3466d0f310d2bd9bce24b0,2002-01-01,Theo Vance,2026-08-03T00:08:16.211646+00:00,"6-4, 6-4",7ad9afe316d8ce93bce2e7b5975e1468
Mens,0a4904585b0832c4fa610f6ccb82e8e5,2002-01-01,Ravi Shah,7ad9afe316d8ce93bce2e7b5975e1468,2002-01-01,Jonah Frye,2026-08-04T00:08:16.211646+00:00,"6-4, 3-6, 10-8",0a4904585b0832c4fa610f6ccb82e8e5
Mens,aa525f24fd805d409a4f07db8c7ac4d2,2002-01-01,Luca Moretti,ae1cd483b75e57db9fcd9fa15966850e,2002-01-01,Alex Doyle,2026-08-05T00:08:16.211646+00:00,"6-3, 6-1",aa525f24fd805d409a4f07db8c7ac4d2
Mens,00c5d34e7d5011968cfc60c8b3bc421d,2002-01-01,Danny Cole,0a4904585b0832c4fa610f6ccb82e8e5,2002-01-01,Ravi Shah,2026-08-06T00:08:16.211646+00:00,"4-6, 6-3, 10-7",00c5d34e7d5011968cfc60c8b3bc421d
Mens,7f3f041da8f46d43ce8eed8f9f779424,2002-01-01,Sam Ellis,aa525f24fd805d409a4f07db8c7ac4d2,2002-01-01,Luca Moretti,2026-08-07T00:08:16.211646+00:00,"7-5, 6-4",7f3f041da8f46d43ce8eed8f9f779424
Mens,5c86477bfabc964bebbb71bbe3d9b664,2002-01-01,Marcus Reed,00c5d34e7d5011968cfc60c8b3bc421d,2002-01-01,Danny Cole,2026-08-08T00:08:16.211646+00:00,"6-4, 6-3",5c86477bfabc964bebbb71bbe3d9b664
Mens,7f3f041da8f46d43ce8eed8f9f779424,2002-01-01,Sam Ellis,9ac04972af3466d0f310d2bd9bce24b0,2002-01-01,Theo Vance,2026-09-08T22:30:31.80507+00:00,"6-3, 6-4",7f3f041da8f46d43ce8eed8f9f779424
Mens,7f3f041da8f46d43ce8eed8f9f779424,2002-01-01,Sam Ellis,9ac04972af3466d0f310d2bd9bce24b0,2002-01-01,Theo Vance,2026-09-11T18:10:02.653784+00:00,"6-3, 6-4",7f3f041da8f46d43ce8eed8f9f779424
Mens,7f3f041da8f46d43ce8eed8f9f779424,2002-01-01,Sam Ellis,9ac04972af3466d0f310d2bd9bce24b0,2002-01-01,Theo Vance,2026-09-18T23:26:33.59705+00:00,"6-3, 6-4",7f3f041da8f46d43ce8eed8f9f779424
